,Brown_Dwarf,Constellation,Right_Ascension,Declination,App_mag,Distance,Spectral_Type,Mass,Radius,Discovery_year
0,SDSS J000013.54+255418.6 [de],Pegasus,0h 0m 13.54s,25° 54′ 18″,,46.1,T4.5,48,0.99,2004
1,2MASS J00040288-6410358,Tucana,0h 4m 2.88s,−64° 10′ 35.8″,,192,L1γ,19,1.63,
2,LHS 102BC,Phoenix,0h 4m 34.84s,−40° 44′ 5.8″,,,L5,,,2002
3,2MASS J00242463-0158201,Pisces,0h 24m 24.63s,−1° 58′ 20.1″,,37.7,M9.5,79,1.09,
4,2MASS J00250365+4759191AB,Cassiopeia,0h 25m 3.65s,47° 59′ 19.1″,,143,L4,,,
5,2MASS J00274197+0503417,Pisces,0h 27m 41.97s,5° 3′ 41.7″,,236,M9.5β,31,1.44,
6,2MASS J00275592+2219328,Andromeda,0h 27m 55.92s,22° 19′ 32.8″,,46.9,M8,,,
7,2MASSW J0030300-145033,Cetus,0h 30m 30.13s,−14° 50′ 33.3″,,87.2,L7,54,0.98,n/a
8,2MASS J00332386-1521309 [de],Cetus,0h 33m 23.86s,−15° 21′ ″,,131,L1-L4β,29,1.43,n/a
9,2MASS J00345157+0523050,Pisces,0h 34m 51.57s,5° 23′ 5″,,31,T6.5,42,0.94,n/a
10,2MASS 0036+1821,Pisces,0h 36m 16.17s,18° 21′ 10.4″,12.47,28.6,L3.5,42,0.94,2000
11,2MASSW J0045214+163445,Pisces,0h 45m 21.43s,16° 34′ 44.6″,,57,L2β,23,1.62,n/a
12,WISEP J004701.06+680352.1 [fr],Cassiopeia,0h 47m 0.38s,68° 3′ 54.3″,,40,L7.5p,12,1.3,n/a
13,2MASS J00501994-3322402 [de],Sculptor,0h 50m 19.94s,−33° 22′ 40.2″,,34,T7,40,0.94,n/a
14,2MASS J00034227-2822410,Sculptor,0h 55m 39.72s,−28° 22′ 42″,,,M7.5,,,n/a
15,2MASS J00584253-0651239 [de],Cetus,0h 58m 42.53s,−6° 51′ 23.9″,,96,L0β,29,1.43,n/a
16,CFBDS J005910.90–011401.3,Cetus,0h 59m 10.83s,−1° 14′ 1.3″,18.08,30,T8.5,23,,2013
17,2MASSI J0103320+193536,Pisces,1h 3m 32.03s,19° ′ 35″,,70,L6β,52,0.98,
18,SDSSp J010752.33+004156.1 [de],Cetus,1h 7m 52.42s,−0° 41′ 56.3″,,51,L8,52,0.98,
19,2MASSI J0117474-340325 [de],Sculptor,1h 17m 47.48s,−34° 3′ 25.8″,,163,L2:,20,1.62,
20,2MASS J01415823-4633574 [de],Phoenix,1h 41m 58.23s,−46° 33′ 57.4″,,130,L0γ,20,1.61,
21,SDSS J015141.69+124429.6,,1h 51m 41.55s,12° 44′ 30″,,70,T1,47,0.97,
22,DENIS-P J020529.0−115925A,Cetus,2h 5m 29.401s,−11° 59′ 29.67″,,65,L5.5,,,1997
23,DENIS-P J020529.0−115925B,Cetus,2h 5m 29.401s,−11° 59′ 29.67″,,65,L8,,,1997
24,DENIS-P J020529.0−115925C,Cetus,2h 5m 29.401s,−11° 59′ 29.67″,,65,T0,,,1997
25,SDSS J020742.48+000056.2 [de],Cetus,2h 7m 42.84s,−0° 0′ 56.4″,,111,T4.5,47,0.97,n/a
26,2MASS J02103857-3015313,,2h 10m 38.57s,−30° 15′ 31.3″,,101,L0γ,15,1.53,n/a
27,2MASS J02340093-6442068,,2h 34m 0.93s,−64° 42′ 6.8″,,155,L0γ,20,1.62,n/a
28,2MASS J02411151-0326587 [de],Cetus,2h 41m 11.51s,−3° 26′ 58.7″,,152,L0γ,27,1.41,n/a
29,2MASS J02431371−2453298,Fornax,2h 43m 13.71s,−24° 53′ 29.8″,,35,T6,33,0.99,2002
30,LP 771-21,,2h 48m 41s,−16° 51′ 21.6″,,53,M8,78,1.08,n/a
31,2MASS J02511327+0047364,,2h 51m 13.27s,−0° 47′ 36.4″,,,M8,,,n/a
32,Teegarden's star,Aries,2h 53m 0.84s,+16° 52′ 53.2″,15.40,12.578,M7,80,1.27,2003
33,2MASS J02535980+3206373,,2h 53m 59.8s,32° 6′ 37.3″,,184,M7β,65,1.9,n/a
34,WISE J0254+0223,Cetus,2h 54m 9.45s,2° 23′ 59.1″,16.01,24,T8,65,1.9,n/a
35,DEN 0255-4700,Eridanus,2h 55m 3.57s,−47° 0′ 50.9″,22.92,16.2,L8,80,0.97,2006
36,2MASS J03185403-3421292 [de],Fornax,3h 18m 54.03s,−34° 21′ 29.2″,,45,L7,49,0.97,2008
37,2MASS J03205965+1854233,,3h 20m 59.65s,18° 54′ 23.3″,,47,M8,88,1.15,n/a
38,2MASS J03231002-4631237,,3h 23m 10.02s,−46° 31′ 23.7″,,192,L0γ,23,1.66,n/a
39,SDSS J032553.17+042540.1,,3h 25m 53.22s,4° 25′ 40.6″,,59,T5.5,45,0.95,n/a
40,2MASS J03264225-2102057 [de],Eridanus,3h 26m 42.25s,−21° 2′ 5.7″,,80,L5γ,18,1.3,2003
41,2MASS J03284265+2302051 [de],Taurus,3h 28m 42.65s,23° 2′ 5.1″,,98,L8,54,0.98,2000
42,2MASS J03341218-4953322,,3h 34m 12.18s,−49° 53′ 32.2″,,27.0,M9,73,1.04,n/a
43,LP 944-20,Fornax,3h 39m 35.22s,−35° 25′ 44″,10.725,20.9,M9β,73,1.43,n/a
44,2MASP J0345432+254023,,3h 45m 43.16s,25° 40′ 23.3″,,88,L0,74,1.05,1997
45,Teide 1,Taurus,3h 47m 18s,+24° 22′ 31″,,380,M8,55,3.78,1995
46,2MASS J03510004-0052452,,3h 51m 0.04s,−0° 52′ 45.2″,,48,M8,102,1.27,n/a
47,2MASS J03552337+1133437,Taurus,3h 55m 23.37s,11° 33′ 43.7″,14.05,29.8,L5γ,20,1.32,2006
48,DENIS-P J035726.9-441730 [de],Horologium,3h 57m 26.95s,−44° 17′ 30.5″,14.37,130,L0β,,,n/a
49,2MASS J04151954−0935066,Eridanus,4h 15m 19.54s,−9° 35′ 6.6″,15.7,18.6,T8,30,0.95,2002
50,SDSSp J042348.57-041403.5 [de],Eridanus,4h 23m 48.58s,−4° 14′ 3.5″,14.5,50,L7.5,,,2002
51,2MASS J04285096-2253227 [de],Eridanus,4h 28m 50.96s,−22° 53′ 22.7″,,85,L0.5,80,1.09,2003
52,2MASS J04351612-1606574,,4h 35m 16.13s,−16° 6′ 57.5″,,34,M7,100,1.26,n/a
53,2MASS J04362788-4114465,,4h 36m 27.88s,−41° 14′ 46.5″,,142,M8βγ,39,1.97,n/a
54,2MASS J04390101-2353083 [de],Eridanus,4h 39m 1.01s,−23° 53′ 8.3″,,29.5,L6.5,48,0.97,2003
55,2MASS J04414489+2301513,,4h 41m 44.9s,23° 1′ 58.07″,,470,M8.5,19,,2010
56,2MASS J04433764+0002040,,4h 43m 37.61s,−0° 2′ 5.1″,,82,M9γ,22,1.78,n/a
57,2MASS J04455387-3048204 [de],Caelum,4h 45m 53.87s,−30° 48′ 20.4″,,42,L2,64,1.00,2003
58,2MASS J04510093-3402150 [de],Caelum,4h 51m 0.93s,−34° 2′ 15″,,69,L0.5,1.04,72,2003
59,2MASS J05002100+0330501 [de],Orion,5h 0m 21s,3° 30′ 50.1″,,44,L4,64,1.00,2008
60,2MASS J05012406-0010452 [de],Orion,5h 1m 24.06s,−0° 10′ 45.2″,,64,L4γ,21,1.38,2008
61,2MASS J05160945-0445499 [de],Orion,5h 16m 9.45s,−4° 45′ 49.9″,,73,T5.5,47,0.97,2003
62,2MASS J0523−1403,Lepus,5h 23m 38.22s,−14° 3′ 2.2″,,40,L2.5,68,1.01,n/a
63,2MASS 0532+8246,Camelopardalis,5h 32m 53.46s,82° 46′ 46.5″,,81,L7,83,,2018
64,SDSS J053951.99-005902.0,,5h 39m 52s,−0° 59′ 1.9″,21.05,41.62,L5,61,1.01,n/a
65,2MASS J05591914-1404488 [de],Lepus,5h 59m 19.14s,−14° 4′ 48.8″,,34,T4.5,,,2000
66,LSR 0602+3910 [de],Auriga,6h 2m 30.45s,39° 10′ 59.2″,20.88,34.6,L1β,28,1.41,2003
67,2MASS J06085283-2753583,,6h 8m 52.83s,−27° 53′ 58.3″,,102,M8.5γ,38,1.51,n/a
68,WISEP J061135.13-041024.0A,,6h 11m 35.12s,−4° 10′ 24″,,69,L9,65,,2014
69,WISEP J061135.13-041024.0B,,6h 11m 35.12s,−4° 10′ 24″,,69,T1.5,53,,2014
70,2MASS J06244595-4521548 [de],Puppis,6h 24m 45.95s,−45° 21′ 54.8″,,39,L5,56,0.99,2008
71,2MASS J06411840-4322329 [de],Puppis,6h 41m 18.4s,−43° 22′ 32.9″,,65,L1.5,67,1.01,2008
72,DENIS-P J0652197-253450 [de],Canis Major,6h 52m 19.77s,−25° 34′ 50.5″,,51,L0,75,1.05,2008
73,2MASS J07003664+3157266 [de],Gemini,7h 0m 36.64s,31° 57′ 26.6″,,40,L3.5:,,,2003
74,2MASS J07075327-4900503,,7h 7m 53.27s,−49° 0′ 50.3″,,60,M9,72,1.03,n/a
75,UGPS J072227.51-054031.2,Monoceros,7h 22m 27.6s,−05° 40′ 38.4″,,13.4,T9,26,0.98,2010
76,2MASSI J0727182+171001 [de],Gemini,7h 27m 18.24s,17° 10′ 1.2″,,29.6,T7,41,0.94,2002
77,2MASS J07290002-3954043 [de],Puppis,7h 29m 0.02s,−39° 54′ 4.4″,,25.8,T8 pec,37,0.94,2007
78,SDSS J074201.41+205520.5 [de],Gemini,7h 42m 1.3s,20° 55′ 19.8″,,49,T5,43,0.94,2004
79,2MASS J0746425+200032 [fr],Gemini,7h 46m 42.56s,20° 0′ 32.1″,,49.6,L0.5,,,1999
80,DENIS-P J0751164-253043 [de],Puppis,7h 51m 16.45s,−25° 30′ 43.2″,,55,L2.5,71,1.03,2008
81,2MASS J07522390+1612157,,7h 52m 23.9s,16° 12′ 15.7″,,60,M7βγ,2.01,68,
82,DENIS J081730.0-615520,Carina,8h 17m 30.01s,−61° 55′ 15.8″,13.6,16.1,T6,44,0.94,2010
83,DENIS J082303.1−491201A,Vela,8h 23m 3.13s,−49° 12′ 1.3″,,67,L1.5,44,,2006
84,DENIS J082303.1−491201B,Vela,8h 23m 3.13s,−49° 12′ 1.3″,,67,L5.5,28,,2006
85,2MASS J08251968+2115521 [de],Cancer,8h 25m 19.68s,21° 15′ 52.1″,,35,L7.5,52,0.98,2000
86,SDSSp J083008.12+482847.4 [de],Lynx,8h 30m 8.25s,48° 28′ 48.2″,,43,L8,48,0.99,2002
87,LHS 2021,,8h 30m 32.56s,9° 47′ 15.4″,,55,M6.5,88,1.15,
88,SDSS J083048.80+012831.1 [de],Hydra,8h 30m 48.78s,1° 28′ 31.1″,,77,T4.5,46,0.96,2004
89,2MASSI J0835425-081923 [de],Hydra,8h 35m 42.56s,−8° 19′ 23.7″,,23.53,L5,62,1.00,2003
90,2MASSI J0847287-153237 [de],Hydra,8h 47m 28.72s,−15° 32′ 37.2″,,43,L2,64,1.00,2003
91,2MASS J08533619-0329321,,8h 53m 36.19s,−3° 29′ 32.1″,,27.6,M9,77,1.07,
92,2MASSI J0859254-194926 [de],Pyxis,8h 59m 25.47s,−19° 49′ 26.8″,,50,L6,50,0.98,2003
93,2MASSW J0920122+351742 [de],Lynx,9h 20m 12.23s,35° 17′ 42.9″,,95,L6.5,,,2000
94,2MASSI J0937347+293142,Leo,9h 37m 34.87s,29° 31′ 40.9″,,20.0,T6p,42,0.94,2002
95,2MASS 0939−2448,Antlia,9h 39m 35.48s,−24° 48′ 27.9″,16.83,17.4,T8,32,0.95,2005
96,2MASS J09490860-1545485 [de],Hydra,9h 49m 8.6s,−15° 45′ 48.5″,,59,T2,49,0.96,2005
97,2MASS J10073369-4555147,,10h 7m 33.69s,−45° 55′ 14.7″,,46,T5,44,0.94,
98,2MASSI J1010148-040649 [de],Sextans,10h 10m 14.8s,−4° 6′ 49.9″,,55,L6,51,0.98,2003
99,2MASSI J1017075+130839 [de],Leo,10h 17m 7.54s,13° 8′ 39.8″,17.4,108,L2:,,,2003
100,SDSS J102109.69-030420.1,,10h 21m 9.69s,−3° 4′ 19.7″,,95,T3,,,
101,2MASS J10224821+5825453 [de],Ursa Major,10h 22m 48.21s,58° 25′ 45.3″,,60,L1β,27,1.41,2008
102,2MASSW J1036530-344138 [de],Antlia,10h 36m 53.05s,−34° 41′ 38″,,53,L6,49,0.97,2002
103,2MASS J1047538+212423 [de],Leo,10h 47m 53.85s,21° 24′ 23.4″,15.8,34.4,T6.5,42,0.94,1999
104,DEN 1048-3956,Antlia,10h 48m 14.64s,−39° 56′ 6.2″,17.4,13.15,M9,77,1.07,2000
105,Luhman 16B,Vela,10h 49m 18.91s,−53° 19′ 10″,,6.516,T1,43,1.02,2013
106,Luhman 16A,Vela,10h 49m 18.91s,−53° 19′ 10″,,6.516,L8,40,1.01,2013
107,DENIS-P J1058.7−1548,Crater,10h 58m 47.87s,−15° 48′ 17.2″,14.155,49,L3,64,1.00,1997
108,TWA 28,,11h 2m 9.83s,−34° 30′ 35.5″,,180,M8.5γ,36,2.39,
109,Cha 110913-773444,Chamaeleon,11h 9m 14s,–77° 34′ 45″,21.59,163,L,8,1.8,2005
110,OTS 44,Chamaeleon,11h 10m 12s,–76° 32′ 13″,,554,M9.5V,15,,2005
111,SDSS J111010.01+011613.1,,11h 10m 10.01s,1° 16′ 13″,,63,T5.5p,9,1.24,
112,2MASS J11145133−2618235,Hydra,11h 14m 51.33s,−26° 18′ 23.5″,15.86,18.2,T7.5,33,0.96,2005
113,TWA 26,,11h 39m 51.14s,−31° 59′ 21.5″,,137,M9γ,30,2.20,
114,2MASSW J1146345+223053,,11h 46m 34.49s,22° 30′ 52.7″,,89,L3,,,
115,2MASS J11544223-3400390 [de],Hydra,11h 54m 42.23s,−34° 0′ 39″,14.2,129,L0β,37,1.50,2003
116,2MASSW J1155395-372735 [de],Centaurus,11h 55m 39.52s,−37° 27′ 35″,12.8,31,L2,64,1.00,2002
117,TWA 27A,,12h 7m 33.46s,−39° 32′ 54″,,,M8,,,
118,TWA 27B,,12h 7m 33.5s,−39° 32′ 54.4″,,,M8γ,,,
119,2MASS J12074836-3900043,,12h 7m 48.36s,−39° 0′ 4.4″,,217,L0γ,17,1.71,n/a
120,2MASSI J1217110-031113 [de],Virgo,12h 17m 11.1s,−3° 11′ 13.1″,15.86,36,T7.5,42,0.94,1999
121,2MASS J12255432-2739466,,12h 25m 54.32s,−27° 39′ 46.6″,,43,T6,,,n/a
122,DENIS-P J1228.2-1547,Corvus,12h 28m 15.23s,−15° 47′ 34.2″,14.38,66,L5,,,1999
123,2M 1237+6526,Draco,12h 37m 39.19s,65° 26′ 14.8″,16.05,45.6,T6.5,41,0.94,2003
124,2MASSW J1239272+551537 [de],Ursa Major,12h 39m 27.27s,55° 15′ 37.1″,14.7,119,L5,,,2000
125,TWA 29,,12h 45m 14.16s,−44° 29′ 7.7″,,262,M9.5,2.00,25,n/a
126,SDSSp J125453.90-012247.4 [de],Virgo,12h 54m 53.93s,−1° 22′ 47.4″,14.9,38,T2,47,0.98,2000
127,Kelu-1A,Hydra,13h 5m 40.2s,−25° 41′ 6″,,61,L2,63,0.98,1997
128,Kelu-1B,Hydra,13h 5m 40.2s,−25° 41′ 6″,,61,L4,58,0.98,1997
129,2MASS J13204427+0409045,,13h 20m 44.27s,4° 9′ 4.5″,,101,L3:,67,1.01,n/a
130,SDSSp J132629.82-003831.5 [de],Virgo,13h 26m 29.81s,−0° 38′ 31.4″,16.1,65,L8:,51,0.97,2000
131,SDSSp J134646.45-003150.4 [de],Virgo,13h 46m 46.34s,−0° 31′ 50.1″,16,48,T6.5,44,0.94,2000
132,2MASS J13595510-4034582,,13h 59m 55.1s,−40° 34′ 58.2″,,51,L1,63,1.00,n/a
133,ULAS J141623.94+134836.3,,14h 16m 23.94s,13° 48′ 36.3″,,29.7,T7.5p,32,0.96,n/a
134,SDSS J141659.78+500626.4 [de],Boötes,14h 16m 59.86s,50° 6′ 25.8″,22,149,L4.5,59,0.99,2006
135,DENIS-P J142527.97-365023.4 [de],Centaurus,14h 25m 27.98s,−36° 50′ 22.9″,14,38,L3:,21,1.32,2004
136,LHS 2924,Boötes,14h 28m 43.23s,+33° 10′ 39.1″,19.74,38.5,M9V,76,1.06,
137,2MASS J14392837+1929150,,14h 39m 28.36s,19° 29′ 14.9″,,47,L1,72,1.03,n/a
138,LSPM J1440+1339,,14h 40m 22.93s,13° 39′ 23″,,72,M8,92,1.19,n/a
139,2MASS J14482563+1031590 [de],Boötes,14h 48m 25.63s,10° 31′ 59″,15,47,L4:,59,0.99,2003
140,CFBDSIR 1458+10A,Boötes,14h 58m 29.0s,+10° 13′ 43″,19.83,104,T9,11.1,1.5,2010
141,CFBDSIR 1458+10B,Boötes,14h 58m 29.0s,+10° 13′ 43″,21.85,104,Y0,9,1.3,2010
142,TVLM 513-46546,Boötes,15h 1m 8.18s,+22° 50′ 2″,15.09,35.1,M8.5V,75,1.05,n/a
143,2MASS 1503+2525,Boötes,15h 3m 19.61s,25° 25′ 19.6″,,20.7,T5,44,0.94,2003
144,CFBDS J150411+102717,,15h 4m 11.64s,10° 27′ 18.4″,,71,T7,44,0.94,n/a
145,2MASSW J1506544+132106 [de],Boötes,15h 6m 54.41s,13° 21′ 6″,13,46,L3,69,1.02,2000
146,2MASS 1507−1627,Libra,15h 7m 47.69s,−16° 27′ 38.6″,19,23.9,L5,60,0.99,2000
147,TVLM 868-110639,,15h 10m 16.85s,−2° 41′ 7.8″,,53,M9,79,1.08,n/a
148,SDSS J151114.66+060742.9 [de],Serpens,15h 11m 14.66s,6° 7′ 43.1″,25,89,T2,,,2006
149,2MASSW J1515008+484742 [de],Boötes,15h 15m 0.83s,48° 47′ 41.6″,14,34,L6,57,0.99,2003
150,2MASSI J1526140+204341 [de],Serpens,15h 26m 14.05s,20° 43′ 41.4″,16,67,L7,54,0.98,2000
151,DENIS-P J153941.96-052042.4 [de],Libra,15h 39m 41.89s,−5° 20′ 42.8″,14,51,L4,63,1.00,2004
152,2MASS J15462718-3325111 [de],Lupus,15h 46m 27.19s,−33° 25′ 11.2″,16,37,T5.5,44,0.94,2002
153,2MASSW J1552591+294849 [de],Corona Borealis,15h 52m 59.06s,29° 48′ 48.5″,13,68,L0β,30,1.43,2003
154,2MASSW J1555157-095605 [de],Libra,15h 55m 15.73s,−9° 56′ 5.5″,13,44,L1,71,1.03,2002
155,2MASS J16150413+1340079 [de],Hercules,16h 15m 4.13s,13° 40′ 7.9″,16,48,T6,42,0.94,2007
156,SDSSp J162414.37+002915.6 [de],Serpens,16h 24m 14.36s,0° 29′ 15.8″,,36,T6,43,0.94,1999
157,2MASS J16262034+3925190 [de],Hercules,16h 26m 20.34s,39° 25′ 19″,14.44,110,L4sd,71,1.03,2004
158,2MASSW J1632291+190441 [de],Hercules,16h 32m 29.11s,19° 4′ 40.7″,22,50,L8,49,0.97,1999
159,WISEPA J164715.59+563208.2,,16h 47m 15.59s,56° 32′ 8.2″,,28,L9p,41,0.94,n/a
160,LSPM J1658+7027 [de],Draco,16h 58m 3.8s,70° 27′ 1.5″,19,60,L1,73,1.04,2000
161,2MASSI J1726000+153819,,17h 26m 0.07s,15° 38′ 19″,,114,L3β,24,1.40,n/a
162,2MASSW J1728114+394859,,17h 28m 11.5s,39° 48′ 59.3″,,79,L7,,,n/a
163,SDSSp J175032.96+175903.9,,17h 50m 32.93s,17° 59′ 4.2″,,90,T3.5,47,0.97,n/a
164,2MASS J18283572-4849046,,18h 28m 35.72s,−48° 49′ 4.6″,,39,T5.5,45,0.95,n/a
165,LSR J1835+3259,Lyra,18h 35m 37.9s,32° 59′ 54.5″,18.27,18.5,M8.5,77,1.07,2003
166,2MASSW J1841086+311727,,18h 41m 8.61s,31° 17′ 27.9″,,138,L4p,67,1.01,n/a
167,2MASS J18432213+4040209,,18h 43m 22.13s,40° 40′ 20.9″,,46,M8,96,1.22,n/a
168,2MASS J20004841-7523070,,20h 0m 48.41s,−75° 23′ 7″,,105,M9γ,25,1.88,n/a
169,SDSS J204749.61-071818.3,,20h 47m 49.59s,−7° 18′ 18.2″,,65,T0:,46,0.96,n/a
170,2MASSI J2057540-025230,,20h 57m 54.09s,−2° 52′ 30.2″,,47,L1.5,70,1.02,n/a
171,2MASSW J2101154+175658,,21h 1m 15.44s,17° 56′ 58.6″,,108,L7.5,,,n/a
172,2MASSI J2104149-103736,,21h 4m 14.91s,−10° 37′ 36.9″,,62,L2.5,69,1.02,n/a
173,PSO J318.5−22,Capricornus,21h 14m 8.02s,−22° 51′ 35.8″,,80,L7VL-G,6.5,1.53,2013
174,HB 2124-4228,,21h 27m 26.13s,−42° 15′ 18.3″,,113,M7.5,94,1.21,n/a
175,2MASS J21392676+0220226,Aquarius,21h 39m 26.77s,2° 20′ 22.7″,14.71,32.1,T1.5,46,0.96,n/a
176,2MASS J21481628+4003593,,21h 48m 16.33s,40° 3′ 59.4″,,26.3,L6,55,0.99,n/a
177,2MASS J14112131-2119503,,21h 50m 19.5s,−21° 19′ 50″,,,M9β,,,n/a
178,2MASSW J2206450-421721,,22h 6m 44.98s,−42° 17′ 20.8″,,93,L4γ,22,1.33,n/a
179,2MASSW J2208136+292121,,22h 8m 13.63s,29° 21′ 21.5″,,154,L3γ,27,1.41,n/a
180,2MASSW J2224438-015852,,22h 24m 43.81s,−1° 58′ 52.1″,,38,L4.5,61,0.99,n/a
181,2MASS J22282889-4310262,Grus,22h 28m 28.89s,−43° 10′ 26.2″,15.66,35,T6,42,0.94,2013
182,2MASS J22373255+3922398,,22h 37m 32.55s,39° 22′ 39.8″,,64,M9.5,73,1.04,n/a
183,2MASSW J2244316+204343,,22h 44m 31.67s,20° 43′ 43.3″,,56,L6.5,12,1.29,n/a
184,2MASS J23224684-3133231,,23h 22m 46.84s,−31° 33′ 23.1″,,56,L0β,24,1.39,n/a
185,2MASS J23225299-6151275,,23h 22m 52.99s,−61° 51′ 27.5″,,148,L2γ,17,1.59,n/a
186,2MASS J23515044-2537367,,23h 51m 50.44s,−25° 37′ 36.7″,,67,M8,88,1.16,n/a
187,2MASSI J2356547-155310,,23h 56m 54.77s,−15° 53′ 11.1″,,74,T5.5,80,1.09,n/a
188,WISE 0005+3737,Andromeda,0h 5m 17.48s,37° 37′ 20.5″,18.33,23.2,T9,,,2010
189,WISE 0008-1739,Cetus,0h 8m 49.75s,−17° 39′ 23.63″,17.03,87.1,T6,,,2010
190,WISE 0015-4615,Phoenix,0h 15m 5.87s,−46° 15′ 17.6″,,48.6,T8,,,2010
191,WISE 0031-3840,Sculptor,0h 31m 19.78s,−38° 40′ 36.3″,14.1,71.8,L2 pec,,,2010
192,WISE 0032-4946,Phoenix,0h 32m 31.09s,−49° 46′ 51.4″,,62.9,T8.5,,,2010
193,WISE 0038+2758,Andromeda,0h 38m 29.05s,27° 58′ 52.1″,,36.9,T9,,,2010
194,WISE 0038+8405,Cepheus,0h 38m 30.54s,84° 5′ 17.7″,,101.8,T6,,,2010
195,WISE 0040+0900,Pisces,0h 40m 24.88s,9° 0′ 54.8″,,47.6,T7,,,2010
196,WISE 0049+0441,Pisces,0h 49m 28.48s,4° 40′ 59.82″,15.85,62.6,L9,,,2010
197,WISE 0049+2151,Andromeda,0h 49m 45.61s,21° 51′ 20.0″,,24.1,T8.5,,,2010
198,WISE 0106+1518,Pisces,1h 6m 37.05s,15° 18′ 52.57″,14.36,142.9,M8 pec,,,2010
199,WISE 0123+4142,Andromeda,1h 23m 33.28s,41° 42′ 4.52″,17.38,67.2,T7,,,2010
200,WISE 0135+1715,Pisces,1h 35m 25.64s,17° 15′ 3.4″,,77.3,T6,,,2010
201,WISE 0138-0322,Cetus,1h 38m 36.59s,−3° 22′ 21.57″,16.36,57.7,T3,,,2010
202,WISE 0146+4234,Andromeda,1h 46m 56.66s,42° 34′ 10.0″,18.71,20.5,Y0,,,2010
203,WISE 0148-7202,Hydrus,1h 48m 7.4s,−72° 2′ 58.87″,18.96,30,T9.5,,,2010
204,WISE 0150+3827,Andromeda,1h 50m 10.93s,38° 27′ 24.04″,16.07,61.3,T0,,,2010
205,WISE 0206+2640,Aries,2h 6m 25.29s,26° 40′ 23.64″,16.53,58.4,L9 pec,,,2010
206,WISE 0221+3842,Andromeda,2h 21m 5.99s,38° 42′ 2.73″,17.59,73.1,T6.5,,,2010
207,WISE 0223-2932,Fornax,2h 23m 22.39s,−29° 32′ 57.63″,17.34,47,T7.5,,,2010
208,WISE 0226-0211,Cetus,2h 26m 24s,−2° 11′ 42.51″,18.94,91,T7,,,2010
209,WISE 0241-3653,Fornax,2h 41m 24.73s,−36° 53′ 28.0″,,53.8,T7,,,2010
210,WISE 0245-3450,Fornax,2h 45m 12.62s,−34° 50′ 47.8″,,56.1,T8,,,2010
211,WISE 0247+3725,Perseus,2h 47m 14.52s,37° 25′ 23.5″,,57.1,T8,,,2010
212,WISE 0305+3954,Perseus,3h 5m 33.55s,39° 54′ 34.77″,17.13,75,T6,,,2010
213,WISE 0307+2904,Aries,3h 7m 24.58s,29° 4′ 47.46″,17.78,82.8,T6.5,,,2010
214,WISE 0313+7807,Cepheus,3h 13m 26.02s,78° 7′ 44.4″,17.65,28,T8.5,,,2010
215,WISE 0316+4307,Perseus,3h 16m 24.35s,43° 7′ 9.1″,,106.3,T8,,,2010
216,WISE 0321-7347,Hydrus,3h 21m 20.91s,−73° 47′ 58.8″,,84.8,T8,,,2010
217,WISE 0323-6025,Reticulum,3h 23m 37.57s,−60° 25′ 54.5″,18.15,45.3,T8.5,,,2010
218,WISE 0325-3854,Fornax,3h 25m 17.69s,−38° 54′ 54.1″,,51.2,T9,,,2010
219,WISE 0325+0831,Taurus,3h 25m 47.72s,8° 31′ 18.2″,,36.5,T7,,,2010
220,WISE 0333-5856,Reticulum,3h 33m 49.33s,−58° 56′ 18.6″,16,54.8,T3,,,2010
221,WISE 0335+4310,Perseus,3h 35m 15.01s,43° 10′ 45.1″,,45.7,T9::,,,2010
222,WISE 0336-0143,Eridanus,3h 36m 5.05s,−1° 43′ 50.4″,,55.4,T8::,,,2010
223,WISE 0350-5658,Reticulum,3h 50m 0.32s,−56° 58′ 30.2″,22.8,17.7,Y1,,,2010
224,WISE 0359-5401,Reticulum,3h 59m 34.06s,−54° 1′ 54.6″,21.56,19.2,Y0,,,2010
225,WISE 0410+1502,Taurus,4h 10m 22.79s,15° 2′ 47.47″,19.25,20,Y0,6,1.17,2010
226,WISE 0410+1411,Taurus,4h 10m 54.46s,14° 11′ 31.41″,17.16,85.8,T6,,,2010
227,WISE 0413-4750,Horologium,4h 13m 58.14s,−47° 50′ 39.3″,,66.2,T9,,,2010
228,WISE 0448-1935,Eridanus,4h 48m 53.31s,−19° 35′ 48.06″,16.99,69.8,T5 pec,,,2010
229,WISE 0458+6434A,Camelopardalis,4h 58m 53.93s,64° 34′ 52.72″,17.50,35.9,T8.5,15,4.2,2010
230,WISE 0458+6434B,Camelopardalis,4h 58m 53.93s,64° 34′ 52.72″,18.48,35.9,T9.5,10,3.8,2010
231,WISE 0500-1223,Eridanus,5h 0m 3.03s,−12° 23′ 42.93″,17.82,47,T8,,,2010
232,WISE 0513+0608,Orion,5h 13m 17.28s,6° 8′ 14.55″,16.21,44.7,T6.5,,,2010
233,WISE 0525+6739,Camelopardalis,5h 25m 36.28s,67° 39′ 49.79″,17.49,98.2,T6 pec,,,2010
234,WISE 0528-3308,Columba,5h 28m 44.53s,−33° 8′ 23.95″,16.67,57.4,T7 pec,,,2010
235,WISE 0535-7500,Mensa,5h 35m 16.8s,−75° 0′ 24.9″,21.1,47,Y1,,,2010
236,WISE 0539-1034,Orion,5h 39m 56.98s,−10° 34′ 36.71″,17.71,84.8,T5.5,,,2010
237,WISE 0542-1628,Lepus,5h 42m 31.28s,−16° 28′ 28.96″,16.64,50.6,T6.5,,,2010
238,WISE 0607+2429,Gemini,6h 7m 38.65s,24° 29′ 53.5″,14.22,25.4,L8,,,2010
239,WISE 0611-0410,Monoceros,6h 11m 35.14s,−4° 10′ 24.17″,15.49,57.7,T0,,,2010
240,WISE 0612-4920,Puppis,6h 12m 8.69s,−49° 20′ 23.9″,,95.2,T3.5,,,2010
241,WISE 0612-3036,Canis Major,6h 12m 13.88s,−30° 36′ 12.2″,17,64.9,T6,,,2010
242,WISE 0614+3912,Auriga,6h 14m 7.51s,39° 12′ 35.67″,16.93,50.2,T6,,,2010
243,WISE 0614+0951,Orion,6h 14m 37.73s,9° 51′ 35.0″,,51.5,T7,,,2010
244,WISE 0623-0456,Monoceros,6h 23m 9.91s,−4° 56′ 24.27″,17.51,37.5,T8,,,2010
245,WISE 0625+5646,Lynx,6h 25m 42.27s,56° 46′ 25.55″,17.1,67.2,T6,,,2010
246,WISE 0627-1114,Canis Major,6h 27m 20.08s,−11° 14′ 27.98″,15.49,37.2,T6,,,2010
247,WISE 0647-6232,Pictor,6h 47m 23.23s,−62° 32′ 39.7″,22.65,28,Y1,,,2010
248,WISE 0656+4205,Auriga,6h 56m 9.63s,42° 5′ 32.22″,15.45,54.1,T3,,,2010
249,WISE 0713-2917,Canis Major,7h 13m 22.55s,−29° 17′ 51.9″,19.64,23.2,Y0,,,2010
250,WISE 0723+3403,Gemini,7h 23m 12.44s,34° 3′ 13.5″,,45.7,T9:,,,2010
251,WISE 0733+7544,Camelopardalis,7h 33m 47.94s,75° 44′ 39.2″,,78.3,T6,,,2010
252,WISE 0734-7157,Volans,7h 34m 44.02s,−71° 57′ 44.0″,20.41,34.9,Y0,,,2010
253,WISE 0744+5628,Lynx,7h 44m 57.28s,56° 28′ 21.12″,17.68,47.3,T8,,,2010
254,WISE 0750+2725,Gemini,7h 50m 3.77s,27° 25′ 44.68″,19.02,51.5,T8.5,,,2010
255,WISE 0751-7634,Chamaeleon,7h 51m 8.75s,−76° 34′ 49.54″,19.34,39.1,T9,,,2010
256,WISE 0759-4904,Puppis,7h 59m 46.98s,−49° 4′ 54.13″,,38.8,T8,,,2010
257,WISE 0811-8051,Chamaeleon,8h 11m 17.81s,−80° 51′ 41.3″,,32,T9.5:,,,2010
258,WISE 0812+4021,Lynx,8h 12m 20.04s,40° 21′ 6.2″,,63.6,T8,,,2010
259,WISE 0819-0335,Hydra,8h 19m 58.06s,−3° 35′ 28.52″,14.99,46,T4,,,2010
260,WISE 0821+1443,Ursa Major,8h 21m 31.66s,14° 43′ 19.29″,16.78,68.2,T5.5,,,2010
261,WISE 0836-1859,Pyxis,8h 36m 41.17s,−18° 59′ 47.18″,,72.4,T8 pec,,,2010
262,WISE 0857+5604,Ursa Major,8h 57m 16.25s,56° 4′ 7.58″,17.65,42.1,T8,,,2010
263,WISE 0906+4735,Ursa Major,9h 6m 49.34s,47° 35′ 38.2″,18.16,51.5,T8,,,2010
264,WISE 0929+0409,Hydra,9h 29m 6.78s,4° 9′ 57.59″,17.21,64.9,T6.5,,,2010
265,WISE 0952+1955,Leo,9h 52m 59.3s,19° 55′ 8.49″,17.13,72.1,T6,,,2010
266,WISE 1018-2445,Hydra,10h 18m 8.05s,−24° 45′ 58.26″,,47.6,T8,,,2010
267,WISE 1019+6529,Ursa Major,10h 19m 5.64s,65° 29′ 54.17″,16.59,56.8,T6,,,2010
268,WISE 1039-1600,Hydra,10h 39m 7.73s,−16° 0′ 2.9″,,47.3,T7.5,,,2010
269,WISE 1042-3842,Antlia,10h 42m 45.29s,−38° 42′ 37.86″,,53.2,T8.5,,,2010
270,WISE 1051-2138,Hydra,10h 51m 30.01s,−21° 38′ 59.7″,,40.8,T9:,,,2010
271,WISE 1122+2550,Leo,11h 22m 54.71s,25° 50′ 21.85″,16.67,57.7,T6,,,2010
272,WISE 1124-0421,Leo,11h 24m 38.12s,−4° 21′ 49.7″,,50.6,T7,,,2010
273,WISE 1147-2040,Hydra,11h 47m 24.21s,−20° 40′ 20.44″,,102,L7,,,2010
274,WISE 1150+6302,Ursa Major,11h 50m 13.9s,63° 2′ 40.97″,17.72,32.9,T8,,,2010
275,WISE 1217+1626A,Coma Berenices,12h 17m 56.96s,16° 26′ 39.98″,18.59,34.2,T9,12,,2010
276,WISE 1217+1626B,Coma Berenices,12h 17m 56.96s,16° 26′ 39.98″,20.26,34.2,Y0,6,,2010
277,WISE 1225-1013,Virgo,12h 25m 58.86s,−10° 13′ 45.0″,,55.4,T6,,,2010
278,WISE 1311+0122,Virgo,13h 11m 6.21s,1° 22′ 53.61″,18.97,44.4,T9:,,,2010
279,WISE 1311+3629,Canes Venatici,13h 11m 41.91s,36° 29′ 24.83″,15.55,86.1,L5 pec,,,2010
280,WISE 1318-1758,Virgo,13h 18m 33.98s,−17° 58′ 26.5″,,32.9,T9:,,,2010
281,WISE 1320+6034,Ursa Major,13h 20m 4.18s,60° 34′ 25.99″,16.95,56.1,T6.5,,,2010
282,WISE 1322-2340,Hydra,13h 22m 33.63s,−23° 40′ 16.71″,17.01,33.9,T8,,,2010
283,WISE 1348+6603,Draco,13h 48m 7.04s,66° 3′ 28.25″,17.17,91,L9,,,2010
284,WISE 1405+5534,Ursa Major,14h 5m 18.27s,55° 34′ 21.22″,20.2,25.3,Y0 pec,30,0.86,2010
285,WISE 1433-0837,Libra,14h 33m 11.42s,−8° 37′ 36.4″,,84.8,T8::,,,2010
286,WISE 1436-1814,Libra,14h 36m 2.22s,−18° 14′ 21.87″,,60,T8 pec,,,2010
287,WISE 1457+5815,Draco,14h 57m 15.03s,58° 15′ 9.93″,16.83,52.2,T7,,,2010
288,WISE 1506+7027,Ursa Minor,15h 6m 49.89s,70° 27′ 36.23″,14.33,11.1,T6,,,2010
289,WISE 1517+0529,Serpens,15h 17m 21.13s,5° 29′ 29.3″,,72.4,T8,,,2010
290,WISE 1519+7009,Ursa Minor,15h 19m 6.69s,70° 9′ 30.92″,17.88,50.9,T8,,,2010
291,WISE 1523+3125,Corona Borealis,15h 23m 5.1s,31° 25′ 37.6″,,84.5,T7 p,,,2010
292,WISE 1541-2250,Libra,15h 41m 51.57s,−22° 50′ 25.03″,21.16,20,Y0.5,,,2010
293,WISE 1542+2230,Serpens,15h 42m 14.0s,22° 30′ 5.2″,,41.1,T9.5,,,2010
294,WISE 1612-3420,Scorpius,16h 12m 15.92s,−34° 20′ 28.61″,,55.4,T6.5,,,2010
295,WISE 1614+1739,Hercules,16h 14m 41.48s,17° 39′ 35.44″,19.08,32.6,T9,,,2010
296,WISE 1617+1807,Hercules,16h 17m 5.74s,18° 7′ 14.21″,17.66,50.2,T8,,,2010
297,WISE 1622-0959,Scorpius,16h 22m 9.95s,−9° 55′ 34.78″,16.44,52.2,T6,,,2010
298,WISE 1627+3255,Hercules,16h 27m 25.65s,32° 55′ 24.5″,16.61,50.2,T6,,,2010
299,WISE 1639-6847,Triangulum Australe,16h 39m 40.83s,−68° 47′ 38.6″,,16.3,Y0,,,2010
300,WISE 1647+5632,Draco,16h 47m 15.59s,56° 32′ 8.44″,16.59,28,T6,,,2010
301,WISE 1653+4444,Hercules,16h 53m 11.03s,44° 44′ 22.71″,17.59,39.5,T8,,,2010
302,WISE 1711+3500,Hercules,17h 11m 4.59s,35° 0′ 36.73″,17.89,60.3,T8,,,2010
303,WISE 1717+6129,Draco,17h 17m 17.13s,61° 28′ 58.82″,18.49,72.7,T8,,,2010
304,WISE 1721+1117,Ophiuchus,17h 21m 34.46s,11° 17′ 39.4″,,62.3,T6,,,2010
305,WISE 1728+5716,Draco,17h 28m 44.97s,57° 16′ 42.9″,17.68,97.8,T6,,,2010
306,WISE 1738+2732,Hercules,17h 38m 35.54s,27° 32′ 58.78″,19.47,20,Y0,,,2010
307,WISE 1741+2553,Hercules,17h 41m 24.22s,25° 53′ 18.96″,16.53,18.9,T9,,,2010
308,WISE 1746-0338,Ophiuchus,17h 46m 40.78s,−3° 38′ 18″,17.45,83.8,T6,,,2010
309,WISE 1800+0134,Ophiuchus,18h 0m 26.60s,1° 34′ 53.1″,14.3,28.7,T7.5,57,,2010
310,WISE 1804+3117,Hercules,18h 4m 35.39s,31° 17′ 5.98″,18.7,30,T9.5:,,,2010
311,WISE 1809+3838,Hercules,18h 9m 1.07s,38° 38′ 5.4″,,74.4,T8,,,2010
312,WISE 1812+2721,Hercules,18h 12m 10.83s,27° 21′ 44.26″,18.19,47,T8.5:,,,2010
313,WISE 1828+2650,Lyra,18h 28m 31.10s,26° 50′ 37.79″,23.57,36,Y2,,,2010
314,WISE 1830+4542,Lyra,18h 30m 58.57s,45° 42′ 57.55″,,107,L9,,,2010
315,WISE 1841+7000,Draco,18h 41m 24.75s,70° 0′ 38.54″,17.24,131.1,T5,,,2010
316,WISE 1852+3537,Lyra,18h 52m 15.83s,35° 37′ 16.06″,16.5,55.4,T7,,,2010
317,WISE 1906+4508,Lyra,19h 6m 24.73s,45° 8′ 6.88″,16.36,51.5,T6,,,2010
318,WISE 1928+2356,Vulpecula,19h 28m 41.35s,23° 56′ 4.9″,,22.8,T6,,,2010
319,WISE 1952+7240,Draco,19h 52m 46.61s,72° 40′ 0.61″,15.09,44.4,T4,,,2010
320,WISE 1959-3338,Sagittarius,19h 59m 5.65s,33° 38′ 34.03″,16.87,37.2,T8,,,2010
321,WISE 2030+0749,Delphinus,20h 30m 42.90s,7° 49′ 34.4″,14.23,34.2,T1.5,,,2010
322,WISE 2014+0424,Aquila,20h 14m 4.13s,4° 24′ 8.5″,,96.2,T7 p,,,2010
323,WISE 2015+6646,Draco,20h 15m 46.27s,66° 46′ 45.1″,,50.6,T8,,,2010
324,WISE 2018-7423,Pavo,20h 18m 25s,−74° 23′ 27.99″,17.11,47.9,T7,,,2010
325,WISE 2019-1148,Capricornus,20h 19m 20.76s,−11° 48′ 7.6″,,42.4,T8.5:,,,2010
326,WISE 2056+1459,Delphinus,20h 56m 28.88s,14° 59′ 53.68″,19.21,24.5,Y0,,,2010
327,WISE 2134-7137,Indus,21h 34m 56.81s,−71° 37′ 44.56″,19.8,42.7,T9 pec,,,2010
328,WISE 2157+2659,Pegasus,21h 57m 51.34s,26° 59′ 31.25″,17.31,61.6,T7,,,2010
329,WISE 2209-2734,Piscis Austrinus,22h 9m 22.05s,−27° 34′ 39.94″,16.81,46,T7,,,2010
330,WISE 2213+0911,Pegasus,22h 13m 54.71s,9° 11′ 39.47″,16.98,58.7,T7,,,2010
331,WISE 2220-3628,Grus,22h 20m 55.31s,−36° 28′ 17.4″,20.38,26.4,Y0,,,2010
332,WISE 2226+0440,Pegasus,22h 26m 23.06s,4° 40′ 3.06″,16.9,45,T8,,,2010
333,WISE 2237-0614,Aquarius,22h 37m 29.48s,−6° 14′ 34.36″,17.4,53.5,T5,,,2010
334,WISE 2237+7228,Cepheus,22h 37m 20.39s,72° 28′ 33.8″,,46,T6,,,2010
335,WISE 2239+1617,Pegasus,22h 39m 37.57s,16° 17′ 16″,16.18,59.7,T3,,,2010
336,WISE 2255-3118,Piscis Austrinus,22h 55m 40.74s,−31° 18′ 42.11″,17.29,44.7,T8,,,2010
337,WISE 2301+0216,Pisces,23h 1m 33.32s,2° 16′ 35.1″,,60.7,T6.5,,,2010
338,WISE 2313-8037,Octans,23h 13m 36.45s,−80° 37′ 0.7″,16.97,35.9,T8,,,2010
339,WISE 2319-1844,Aquarius,23h 19m 39.13s,−18° 44′ 4.15″,17.43,52.2,T7.5,,,2010
340,WISE 2325-4105,Grus,23h 25m 19.54s,−41° 5′ 34.92″,19.75,37.5,T9 pec,,,2010
341,WISE 2327-2730,Sculptor,23h 27m 28.74s,−27° 30′ 56.66″,16.68,70.8,L9,,,2010
342,WISE 2335+4222,Andromeda,22h 35m 43.79s,42° 22′ 55.2″,,90.3,T7,,,2010
343,WISE 2340-0745,Aquarius,23h 40m 26.6s,−7° 45′ 8.46″,16.15,37.8,T7,,,2010
344,WISE 2342+0856,Pegasus,23h 42m 28.98s,8° 56′ 20.2″,,51.2,T6.5,,,2010
345,WISE 2343-7418,Octans,23h 43m 51.3s,−74° 18′ 46.86″,16.13,48.6,T6,,,2010
346,WISE 2344+1034,Pegasus,23h 44m 46.23s,10° 34′ 16.1″,18.8,46,T9,,,2010
347,WISE 2348-1028,Aquarius,23h 48m 41.13s,−10° 28′ 44.11″,16.91,54.1,T7,,,2010
348,WISE 2357+1227,Pegasus,23h 57m 16.49s,12° 27′ 41.8″,,54.8,T6,,,2010
349,WISE 2359-7335,Tucana,23h 59m 41.08s,−73° 35′ 5.09″,16.16,42.7,T5.5,,,2010
350,WISEA 1101+5400,Ursa Major,11h 01m 25.95s,+54° 00′ 52.8″,,111,T5.5,,,2017
351,2M1510,Libra,15h 10m 47.47s,−28° 18′ 18.3″,,120,M9γ+M9γ,40 + 39 + ?,,2002